SKLYPO_ID,UNIKAL_ID,PLOTAS_REG,ADRESAS,PASK_TIP,SKLYPO_PLOTAS_M2,zonu_kiekis,pagrindine_zona_pavadinimas,pagrindine_zona_kodas,pagrindine_zona_proc,pagrindine_u_intens,pagrindine_max_auk_sk,pagrindine_pagr_pask,antra_zona_pavadinimas,antra_zona_kodas,antra_zona_proc,ar_yra_gyvenamoji_zona,ar_yra_zemes_ukio_zona,ar_yra_misku_zona,ar_yra_pramones_zona,draustiniu_proc,rezervatu_proc,parku_proc,biosferos_poligonu_proc,bast_proc,past_proc,pajurio_juostos_proc,buferiniu_apsaugos_zonu_proc,misko_proc,ar_yra_miskas_proc,kvr_poligonu_proc,kvr_apsaugos_zonu_proc,ar_yra_kvr_poligonas,ar_yra_kvr_apsaugos_zona,pelkiu_proc,saltinynu_proc,pievu_ganyklu_proc,ar_yra_pelke,ar_yra_saltinynas,ar_yra_pievos_ganyklos,drenazo_plotu_proc,rinktuvu_apsaugos_zonu_proc,ar_yra_drenazo_plotai,ar_yra_rinktuvu_apsaugos_zona
550100030117,550100030117,37.79,KlaipÓdos r. sav. PaUvelsio k. LaigiÖ g. 32,610,206546.25,2,Žemės ūkio teritorijų zona,ZU_F,99.96,"0,05;0,8***",0,Z;KT,Miškų ir miškingų teritorijų zona,MI_F,0.04,0,1,1,0,0.0,0.0,0.0,0.0,0.0,0.0,0.0,0.0,0.38,1,0.0,0.0,0,0,0.0,0.0,0.0,0,0,0,99.46,7.68,1,1
550300080023,550300080023,23.9416,KlaipÓdos r. sav. KantvainÖ k. KantvainÖ g. 20,610,51.82,4,Žemės ūkio teritorijų zona,ZU_F,100.0,"0,05;0,8***",0,Z;KT,Žemės ūkio teritorijų zona,ZU_F,100.0,0,1,0,0,0.0,0.0,0.0,0.0,0.0,0.0,0.0,0.0,0.0,0,0.0,0.0,0,0,0.0,0.0,0.0,0,0,0,36.01,3.3,1,1
550500010091,550500010091,2.84,KlaipÓdos r. sav. KisiniÖ k.,610,29576.76,2,Žemės ūkio teritorijų zona,ZU_F,100.0,"0,1;0,8***",0,Z;KT,Žemės ūkio teritorijų zona,ZU_F,0.0,0,1,0,0,0.0,0.0,0.0,0.0,0.0,0.0,0.0,0.0,0.0,0,0.0,0.0,0,0,0.0,0.0,0.0,0,0,0,100.0,8.05,1,1
550800030286,440022456400,1.395,KlaipÓdos r. sav. PetraiNiÖ k.,610,13949.86,1,Žemės ūkio teritorijų zona,ZU_F,100.0,"0,05;0,8***",0,Z;KT,,,0.0,0,1,0,0,0.0,0.0,0.0,0.0,0.0,0.0,0.0,0.0,0.0,0,0.0,0.0,0,0,0.0,0.0,0.0,0,0,0,100.0,2.63,1,1
551300010153,551300010153,0.065,KlaipÓdos r. sav. DercekliÖ k. IevÖ g. 15,610,598.31,1,Mažo užstatymo intensyvumo gyvenamoji zona,U_GG_M_F,100.0,"0,4*",0,KT,,,0.0,1,0,0,0,0.0,0.0,0.0,0.0,0.0,0.0,0.0,0.0,0.0,0,0.0,0.0,0,0,0.0,0.0,0.0,0,0,0,0.0,0.0,0,0
551300040105,551300040105,0.06,KlaipÓdos r. sav. DercekliÖ k. M×Õos g. 14,610,610.13,1,Mažo užstatymo intensyvumo gyvenamoji zona,U_GG_M_F,100.0,"0,4*",0,KT,,,0.0,1,0,0,0,0.0,0.0,0.0,0.0,0.0,0.0,0.0,0.0,0.0,0,0.0,0.0,0,0,0.0,0.0,0.0,0,0,0,0.0,0.0,0,0
551300130183,551300130183,0.06,KlaipÓdos r. sav. DercekliÖ k. DebesÖ g. 13,610,621.57,1,Mažo užstatymo intensyvumo gyvenamoji zona,U_GG_M_F,100.0,"0,4*",0,KT,,,0.0,1,0,0,0,0.0,0.0,0.0,0.0,0.0,0.0,0.0,0.0,0.0,0,0.0,0.0,0,0,0.0,0.0,0.0,0,0,0,0.0,0.0,0,0
551300130241,551300130241,0.06,KlaipÓdos r. sav. DercekliÖ k. Nektaro g. 9,610,617.62,1,Mažo užstatymo intensyvumo gyvenamoji zona,U_GG_M_F,100.0,"0,4*",0,KT,,,0.0,1,0,0,0,0.0,0.0,0.0,0.0,0.0,0.0,0.0,0.0,0.0,0,0.0,0.0,0,0,0.0,0.0,0.0,0,0,0,0.0,0.0,0,0
551300210347,551300210347,0.06,KlaipÓdos r. sav. DercekliÖ k. SodÖ g. 16,610,600.38,1,Mažo užstatymo intensyvumo gyvenamoji zona,U_GG_M_F,100.0,"0,4*",0,KT,,,0.0,1,0,0,0,0.0,0.0,0.0,0.0,0.0,0.0,0.0,0.0,0.0,0,0.0,0.0,0,0,0.0,0.0,0.0,0,0,0,0.0,0.0,0,0
551500050238,440051125558,0.0561,KlaipÓdos r. sav. SvencelÓs k. VÓjÖ g. 47,995,561.44,1,Mažo užstatymo intensyvumo gyvenamoji zona,U_GG_M_F,100.0,"0,4*",0,KT,,,0.0,1,0,0,0,0.0,0.0,0.0,0.0,0.0,0.0,0.0,0.0,0.0,0,0.0,0.0,0,0,0.0,0.0,0.0,0,0,0,0.0,0.0,0,0
551800070388,440051548979,0.1912,KlaipÓdos r. sav. Endriejavo mstl. LiepÖ g. 26,995,1911.81,1,Vidutinio užstatymo intensyvumo gyvenamoji zona,U_GG_V_F,100.0,"0,8*",0,KT,,,0.0,1,0,0,0,0.0,0.0,0.0,0.0,0.0,0.0,0.0,0.0,0.0,0,0.0,0.0,0,0,0.0,0.0,0.0,0,0,0,0.0,0.0,0,0
552000050022,552000050022,0.1238,KlaipÓdos r. sav. GargUdÖ m. Vytauto g. 59,995,1237.97,1,Intensyvaus užstatymo gyvenamoji zona,U_GG_I_F,100.0,2,0,KT,,,0.0,1,0,0,0,0.0,0.0,0.0,0.0,0.0,0.0,0.0,0.0,0.0,0,0.0,0.0,0,0,0.0,0.0,0.0,0,0,0,0.0,0.0,0,0
552000080040,552000080040,0.1233,KlaipÓdos r. sav. GargUdÖ m. Gintaro g. 17,995,1232.72,1,Intensyvaus užstatymo gyvenamoji zona,U_GG_I_F,100.0,2,0,KT,,,0.0,1,0,0,0,0.0,0.0,0.0,0.0,0.0,0.0,0.0,0.0,0.0,0,0.0,0.0,0,0,0.0,0.0,0.0,0,0,0,0.0,0.0,0,0
552000180096,552000180096,0.0485,KlaipÓdos r. sav. GargUdÖ m. ObelÖ tak. 11,610,485.49,1,Ekstensyvaus užstatymo gyvenamoji zona,U_GG_E_F,100.0,"0,2*",0,KT,,,0.0,1,0,0,0,0.0,0.0,0.0,0.0,0.0,0.0,0.0,0.0,0.0,0,0.0,0.0,0,0,0.0,0.0,0.0,0,0,0,0.0,0.0,0,0
552300040394,440014701236,0.1263,KlaipÓdos r. sav. KlemiÕkÓs II k. BitÓnÖ g. 15,995,1263.09,1,Vidutinio užstatymo intensyvumo gyvenamoji zona,U_GG_V_F,100.0,"0,8*",0,KT,,,0.0,1,0,0,0,0.0,0.0,0.0,0.0,0.0,0.0,0.0,0.0,0.0,0,0.0,0.0,0,0,0.0,0.0,0.0,0,0,0,0.0,0.0,0,0
552300090379,440051800047,0.032,KlaipÓdos r. sav. KlausmyliÖ vs.,995,320.0,1,Vidutinio užstatymo intensyvumo gyvenamoji zona,U_GG_V_F,100.0,"0,8*",0,KT,,,0.0,1,0,0,0,0.0,0.0,0.0,0.0,0.0,0.0,0.0,0.0,0.0,0,0.0,0.0,0,0,0.0,0.0,0.0,0,0,0,0.73,0.0,1,0
552800010612,440005120864,0.32,KlaipÓdos r. sav. BendikÖ k.,610,3284.23,1,Žemės ūkio teritorijų zona,ZU_F,100.0,"0,05",0,Z;KT,,,0.0,0,1,0,0,0.0,0.0,100.0,0.0,0.0,0.0,0.0,0.0,0.0,0,0.0,0.0,0,0,0.0,0.0,0.0,0,0,0,100.0,0.0,1,0
552800011049,440051112166,0.8615,KlaipÓdos r. sav. BendikÖ k.,610,8614.81,1,Žemės ūkio teritorijų zona,ZU_F,100.0,"0,05",0,Z;KT,,,0.0,0,1,0,0,0.0,0.0,100.0,0.0,0.0,0.0,0.0,0.0,0.0,0,0.0,0.0,0,0,0.0,0.0,0.0,0,0,0,100.0,0.0,1,0
552800040488,440009705804,0.2207,KlaipÓdos r. sav. Bruzdeilyno k. Bruzdeilyno g. 20,995,2206.67,1,Ekstensyvaus užstatymo gyvenamoji zona,U_GG_E_F,100.0,"0,2*",0,KT,,,0.0,1,0,0,0,0.0,0.0,0.0,0.0,0.0,0.0,0.0,0.0,0.0,0,0.0,0.0,0,0,0.0,0.0,0.0,0,0,0,100.0,8.43,1,1
552800070731,440015074561,0.2034,KlaipÓdos r. sav. GirkaliÖ k.,995,2034.16,1,Mažo užstatymo intensyvumo gyvenamoji zona,U_GG_M_F,100.0,"0,4*",0,KT,,,0.0,1,0,0,0,0.0,0.0,0.0,0.0,0.0,0.0,0.0,0.0,0.0,0,0.0,0.0,0,0,0.0,0.0,0.0,0,0,0,0.0,0.0,0,0
553300020190,440005893349,4.8,KlaipÓdos r. sav. MisgiriÖ k.,710,46470.6,2,Miškų ir miškingų teritorijų zona,MI_F,98.19,0,0,M;KT,Žemės ūkio teritorijų zona,ZU_F,1.81,0,1,1,0,0.0,0.0,0.0,0.0,0.0,0.0,0.0,0.0,99.64,1,0.0,0.0,0,0,0.0,0.0,0.0,0,0,0,0.04,1.96,1,1
553800140008,553800140008,0.2414,KlaipÓdos r. sav. KvietiniÖ k. Minijos g. 27,995,2414.14,1,Vidutinio užstatymo intensyvumo gyvenamoji zona,U_GG_V_F,100.0,"0,8*",0,KT,,,0.0,1,0,0,0,0.0,0.0,0.0,0.0,0.0,0.0,0.0,0.0,0.0,0,0.0,0.0,0,0,0.0,0.0,0.0,0,0,0,100.0,41.03,1,1
553800140063,553800140063,1.0266,KlaipÓdos r. sav. KvietiniÖ k.,610,10266.34,2,Mažo užstatymo intensyvumo gyvenamoji zona,U_GG_M_F,99.84,"0,4*",0,KT,Vidutinio užstatymo intensyvumo gyvenamoji zona,U_GG_V_F,0.16,1,0,0,0,0.0,0.0,0.0,0.0,0.0,0.0,0.0,0.0,0.0,0,0.0,0.0,0,0,0.0,0.0,0.0,0,0,0,100.0,0.0,1,0
554300050185,554300050185,32.53,KlaipÓdos r. sav. RudaiNiÖ k.,610,336748.48,6,Miškų ir miškingų teritorijų zona,MI_F,48.77,0,0,M,Žemės ūkio teritorijų zona,ZU_F,42.59,0,1,1,0,108.08,0.0,0.0,0.0,108.17,0.0,0.0,0.0,107.78,1,0.0,0.0,0,0,0.0,0.0,0.0,0,0,0,39.16,0.03,1,1
554400030924,440051957205,0.2591,KlaipÓdos r. sav. BirbinNiÖ k. SapnÖ g. 4,995,2591.16,1,Ekstensyvaus užstatymo gyvenamoji zona,U_GG_E_F,100.0,"0,2*",0,KT,,,0.0,1,0,0,0,0.0,0.0,0.0,0.0,0.0,0.0,0.0,0.0,0.0,0,0.0,0.0,0,0,0.0,0.0,0.0,0,0,0,100.0,0.0,1,0
554400050350,554400050350,1.87,KlaipÓdos r. sav. GalNiÖ k.,610,20481.67,1,Žemės ūkio teritorijų zona,ZU_F,100.0,"0,05;0,8***",0,Z;KT,,,0.0,0,1,0,0,0.0,0.0,0.0,0.0,0.0,0.0,0.0,0.0,4.79,1,0.0,0.0,0,0,0.0,0.0,0.0,0,0,0,47.39,0.0,1,0
554400051357,440051890114,0.1372,KlaipÓdos r. sav. KalviÖ k. Hugo ¾ojaus g. 23A,995,1372.2,1,Mažo užstatymo intensyvumo gyvenamoji zona,U_GG_M_F,100.0,"0,4*",0,KT,,,0.0,1,0,0,0,0.0,0.0,0.0,0.0,0.0,0.0,0.0,0.0,0.0,0,0.0,0.0,0,0,0.0,0.0,0.0,0,0,0,99.98,44.38,1,1
554400060448,440039214229,0.177,KlaipÓdos r. sav. KetvergiÖ k. KetvergiÖ g. 32,995,1770.72,1,Žemės ūkio teritorijų zona,ZU_F,100.0,"0,1;0,8***",0,Z;KT,,,0.0,0,1,0,0,0.0,0.0,0.0,0.0,0.0,0.0,0.0,0.0,0.0,0,0.0,0.0,0,0,0.0,0.0,0.0,0,0,0,100.0,11.59,1,1
554400110037,554400110037,0.06,KlaipÓdos r. sav. KiÕkÓnÖ k. LibuNiÖ g. 14,610,598.87,1,Mažo užstatymo intensyvumo gyvenamoji zona,U_GG_M_F,100.0,"0,4*",0,KT,,,0.0,1,0,0,0,0.0,0.0,0.0,0.0,0.0,0.0,0.0,0.0,0.0,0,0.0,0.0,0,0,0.0,0.0,0.0,0,0,0,0.0,0.0,0,0
554500010143,440031007933,0.1,KlaipÓdos r. sav. PlikiÖ mstl. LirginiÖ g. 3,995,1000.48,1,Mažo užstatymo intensyvumo gyvenamoji zona,U_GG_M_F,100.0,"0,4*",0,KT,,,0.0,1,0,0,0,0.0,0.0,0.0,0.0,0.0,0.0,0.0,0.0,0.0,0,0.0,0.0,0,0,0.0,0.0,0.0,0,0,0,100.0,0.0,1,0
554500010408,440010347123,0.24,KlaipÓdos r. sav. PlikiÖ mstl. Paupio g. 8,995,2371.12,2,Vidutinio užstatymo intensyvumo gyvenamoji zona,U_GG_V_F,99.01,"0,8*",0,KT,Mažo užstatymo intensyvumo gyvenamoji zona,U_GG_M_F,0.99,1,0,0,0,0.0,0.0,0.0,0.0,0.0,0.0,0.0,0.0,0.0,0,0.0,0.0,0,0,0.0,0.0,0.0,0,0,0,0.0,0.0,0,0
554500020170,440046351428,1.8733,KlaipÓdos r. sav. KatkÖ k.,610,18732.31,1,Žemės ūkio teritorijų zona,ZU_F,100.0,"0,05;0,8***",0,Z;KT,,,0.0,0,1,0,0,0.0,0.0,0.0,0.0,0.0,0.0,0.0,0.0,0.0,0,0.0,0.0,0,0,0.0,0.0,0.0,0,0,0,100.0,6.93,1,1
554500030268,554500030268,0.94,KlaipÓdos r. sav. PlikiÖ mstl.,610,10520.24,1,Mažo užstatymo intensyvumo gyvenamoji zona,U_GG_M_F,100.0,"0,4*",0,KT,,,0.0,1,0,0,0,0.0,0.0,0.0,0.0,0.0,0.0,0.0,0.0,0.0,0,0.0,0.0,0,0,0.0,0.0,0.0,0,0,0,100.0,0.0,1,0
554500030356,554500030356,0.93,KlaipÓdos r. sav. PlikiÖ mstl.,610,7126.84,2,Mažo užstatymo intensyvumo gyvenamoji zona,U_GG_M_F,92.87,"0,4*",0,KT,Ekstensyvaus užstatymo gyvenamoji zona,U_GG_E_F,7.13,1,0,0,0,0.0,0.0,0.0,0.0,0.0,0.0,0.0,0.0,0.0,0,0.0,0.0,0,0,0.0,0.0,0.0,0,0,0,100.0,1.26,1,1
555200050494,440050996997,1.4764,KlaipÓdos r. sav. StragnÖ II k.,610,14763.76,1,Mažo užstatymo intensyvumo gyvenamoji zona,U_GG_M_F,100.0,"0,4*",0,KT,,,0.0,1,0,0,0,0.0,0.0,0.0,0.0,0.0,0.0,0.0,0.0,0.0,0,0.0,0.0,0,0,0.0,0.0,0.0,0,0,0,90.7,0.0,1,0
555200090024,555200090024,0.1504,KlaipÓdos r. sav. KuodUiÖ k. LiepÖ g. 2,610,1503.65,1,Mažo užstatymo intensyvumo gyvenamoji zona,U_GG_M_F,100.0,"0,4*",0,KT,,,0.0,1,0,0,0,0.0,0.0,0.0,0.0,0.0,0.0,0.0,0.0,0.0,0,0.0,0.0,0,0,0.0,0.0,0.0,0,0,0,100.0,0.0,1,0
555800010376,440049320103,0.1491,KlaipÓdos r. sav. AukÕtkiemiÖ k. VÓjÖ g. 16,995,1490.9,2,Mažo užstatymo intensyvumo gyvenamoji zona,U_GG_M_F,95.05,"0,4*",0,KT,Miškų ir miškingų teritorijų zona,MI_F,4.95,1,0,1,0,0.0,0.0,0.0,0.0,0.0,0.0,0.0,0.0,4.19,1,0.0,0.0,0,0,0.0,0.0,0.0,0,0,0,0.0,0.0,0,0
555800040570,440012055017,0.101,KlaipÓdos r. sav. TruÕeliÖ k. Karpavos g. 2,995,1009.67,1,Ekstensyvaus užstatymo gyvenamoji zona,U_GG_E_F,100.0,"0,2*",0,KT,,,0.0,1,0,0,0,0.0,0.0,0.0,0.0,0.0,0.0,0.0,0.0,0.0,0,0.0,0.0,0,0,0.0,0.0,0.0,0,0,0,100.0,0.0,1,0
555800070346,440004787095,0.15,KlaipÓdos r. sav. KlipÕNiÖ k. ¾ileliÖ g. 6,995,1498.6,1,Vidutinio užstatymo intensyvumo gyvenamoji zona,U_GG_V_F,100.0,"0,8*",0,KT,,,0.0,1,0,0,0,0.0,0.0,0.0,0.0,0.0,0.0,0.0,0.0,0.0,0,0.0,0.0,0,0,0.0,0.0,0.0,0,0,0,100.0,0.0,1,0
555800070382,440005515497,1.2596,KlaipÓdos r. sav. SlengiÖ k.,995,25306.69,2,Vidutinio užstatymo intensyvumo gyvenamoji zona,U_GG_V_F,78.69,"0,8*",0,KT,Pramonės ir sandėliavimo zona,U_PS_F,21.31,1,0,0,1,0.0,0.0,0.0,0.0,0.0,0.0,0.0,0.0,0.0,0,0.0,0.0,0,0,0.0,0.0,0.0,0,0,0,100.0,14.93,1,1
555800070444,440006816464,0.53,KlaipÓdos r. sav. SlengiÖ k.,610,5299.48,2,Pramonės ir sandėliavimo zona,U_PS_F,70.33,"2,5",0,KT,Vidutinio užstatymo intensyvumo gyvenamoji zona,U_GG_V_F,29.67,1,0,0,1,0.0,0.0,0.0,0.0,0.0,0.0,0.0,0.0,0.0,0,0.0,0.0,0,0,0.0,0.0,0.0,0,0,0,100.0,0.07,1,1
555800070455,440006897976,0.2324,KlaipÓdos r. sav. KlipÕNiÖ k. LazdynÖ g. 2A,995,2324.82,2,Vidutinio užstatymo intensyvumo gyvenamoji zona,U_GG_V_F,53.35,"0,8*",0,KT,Pramonės ir sandėliavimo zona,U_PS_F,46.65,1,0,0,1,0.0,0.0,0.0,0.0,0.0,0.0,0.0,0.0,0.0,0,0.0,0.0,0,0,0.0,0.0,0.0,0,0,0,100.0,0.0,1,0
555800140004,555800140004,0.3116,KlaipÓdos r. sav. KalotÓs k. Medelyno g. 116,995,3116.12,1,Vidutinio užstatymo intensyvumo gyvenamoji zona,U_GG_V_F,100.0,"0,8*",0,KT,,,0.0,1,0,0,0,0.0,0.0,0.0,0.0,0.0,0.0,0.0,0.0,0.0,0,0.0,0.0,0,0,0.0,0.0,0.0,0,0,0,77.65,0.0,1,0
555800140337,440007239138,0.2463,KlaipÓdos r. sav. KalotÓs k.,995,2463.78,1,Vidutinio užstatymo intensyvumo gyvenamoji zona,U_GG_V_F,100.0,"0,8*",0,KT,,,0.0,1,0,0,0,0.0,0.0,0.0,0.0,0.0,0.0,0.0,0.0,0.0,0,0.0,0.0,0,0,0.0,0.0,0.0,0,0,0,100.0,0.0,1,0
555870010010,440022717642,3.5333,,995,35332.74,2,Pramonės ir sandėliavimo zona,U_PS_F,100.0,"2,5",0,KT,Vidutinio užstatymo intensyvumo gyvenamoji zona,U_GG_V_F,0.0,1,0,0,1,0.0,0.0,0.0,0.0,0.0,0.0,0.0,0.0,0.0,0,0.0,0.0,0,0,0.0,0.0,0.0,0,0,0,78.31,0.7,1,1
556300060309,440006293068,0.29,KlaipÓdos r. sav. MeiskiÖ k.,610,3129.2,1,Žemės ūkio teritorijų zona,ZU_F,100.0,"0,1;0,8***",0,Z;KT,,,0.0,0,1,0,0,0.0,0.0,0.0,0.0,0.0,0.0,0.0,0.0,0.0,0,0.0,0.0,0,0,0.0,0.0,0.0,0,0,0,100.0,12.34,1,1
556500040121,440003728910,0.77,KlaipÓdos r. sav. PleÕkuNiÖ k.,610,8226.74,1,Ekstensyvaus užstatymo gyvenamoji zona,U_GG_E_F,100.0,"0,2*",0,KT,,,0.0,1,0,0,0,0.0,0.0,0.0,0.0,0.0,0.0,0.0,0.0,0.0,0,0.0,0.0,0,0,0.0,0.0,0.0,0,0,0,100.0,0.0,1,0
556800050054,556800050054,5.05,KlaipÓdos r. sav. JokuliÖ k.,610,54505.07,1,Pramonės ir sandėliavimo zona,U_PS_F,100.0,"2,5",0,KT,,,0.0,0,0,0,1,0.0,0.0,0.0,0.0,0.0,0.0,0.0,0.0,0.0,0,0.0,0.0,0,0,0.0,0.0,0.0,0,0,0,100.0,0.0,1,0
